id,name,email,age,country
1,User1,user1@example.com,21,Country1
2,User2,user2@example.com,22,Country2
3,User3,user3@example.com,23,Country3
4,User4,user4@example.com,24,Country4
5,User5,user5@example.com,25,Country5
6,User6,user6@example.com,26,Country6
7,User7,user7@example.com,27,Country7
8,User8,user8@example.com,28,Country8
9,User9,user9@example.com,29,Country9
10,User10,user10@example.com,30,Country0
11,User11,user11@example.com,21,Country1
12,User12,user12@example.com,22,Country2
13,User13,user13@example.com,23,Country3
14,User14,user14@example.com,24,Country4
15,User15,user15@example.com,25,Country5
16,User16,user16@example.com,26,Country6
17,User17,user17@example.com,27,Country7
18,User18,user18@example.com,28,Country8
19,User19,user19@example.com,29,Country9
20,User20,user20@example.com,30,Country0
21,User21,user21@example.com,21,Country1
22,User22,user22@example.com,22,Country2
23,User23,user23@example.com,23,Country3
24,User24,user24@example.com,24,Country4
25,User25,user25@example.com,25,Country5
26,User26,user26@example.com,26,Country6
27,User27,user27@example.com,27,Country7
28,User28,user28@example.com,28,Country8
29,User29,user29@example.com,29,Country9
30,User30,user30@example.com,30,Country0
